{"positive_counter": 12.714285714285714, "negative_counter": 13.285714285714286, "stock_counter": 0.47}